병명,정의,원인,진단/검사,치료,예방방법,관련질병,진료과
각변형,"무릎관절(슬관절)각이 정상 범위에서 2표준편차를 벗어난 내반슬(안쪽으로 휜 슬관절, O다리) 및 외반슬(바깥쪽으로 휜 슬관절, X다리)을 말한다. 정상 범위의 무릎관절각은 나이에 따라 변화하므로 환자의 연령에 따라 정상, 비정상 여부를 결정할 수 있다. 환자의 나이, 방사선 사진에서의 변형 정도, 체중에 따라 보조기 치료나 수술적 치료를 하게 된다.  


생리적 내반슬의 연령에 따른 변화



외반슬과 내반슬","신생아는 약간의 내반슬을 가지고 태어났다가 성장하면서 3~4세경 외반슬이 되었다가, 이후 점차 감소하여 6~7세경부터 약간의 외반슬로 되어 성인에 이르게 되는데 3세 이전에 보이는 약간의 내반슬은 정상적인 발달 과정이다. 유아기 경골 내반증은 근위 경골(정강뼈) 성장판의 국소적인 발육 장애로 인해 발생하며, 초기 단계에서는 생리적 내반슬과의 감별이 어려울 수 있다.구루병일 경우에도 내반슬이 나타날 수 있다. 생후 6개월 이상인데도 모유만 수유하거나 아토피 등으로 극단적인 편식을 하는 경우에 발생하는 영양 결핍성 구루병, 그밖에 유전자 결함에 의해 발생하는 구루병이 있다. 외상 후 외반슬은 근위 경골의 골간단(뼈몸통끝, 뼈의 길고 곧은 주요 부분인 골간과 뼈의 끝 부분인 골단 사이의 부위)에 골절 이후 발생하는 것이다. 외상 후 일 년경에 가장 심해진다.","진단을 위해서 가장 먼저 환자의 병력을 조사하는데, 증상이 시작된 나이나 동반 질환, 외상 유무, 환자의 전신적 건강 상태, 가족력 및 가족의 식습관 등을 조사한다. 환자의 키, 몸무게 및 신체 등분 이상 유무, 양측 하지의 길이 측정, 슬관절각, 과간 거리(양 무릎 사이 거리, 양 발목 사이 거리)도 측정한다. X선 촬영으로 하지 축의 정렬 상태를 평가하고, 종양, 외상 유무, 골이형성증 유무 등을 확인한다. 필요시 자기공명영상(MRI), 컴퓨터 단층촬영(CT), 골주사 검사(bone scan)를 시행하기도 한다. 구루병 같은 골대사성 질환 여부를 알아보기 위해 혈액 검사 및 소변검사를 시행한다. 골이형성증이나 대사성, 내분비성 질환을 진단하기 위해 유전자 검사를 하기도 한다.","각변형이 있을 경우 미용상의 이유로 치료를 하기도 하지만, 향후 비정상적인 체중 부하로 인해 퇴행성 관절염 발생 빈도가 증가하기 때문에 적절한 치료가 중요하다. 생리적 내반슬은 정상 발달 과정이며 치료 없이 교정된다. 유아기 경골 내반증은 환자의 나이, 방사선 사진상에서의 변형 정도, 체중에 따라 보조기 치료나 수술적 치료를 하게 된다. 수술적 방법으로는 절골술, 골단판 골가교 절제술, 근위 경골 외측 골단판 유합술이 있다. 구루병일 경우에는 비타민 D를 보충하는 등 약물 치료를 먼저 시행한 후, 필요 시 수술적 치료를 하게 된다. 외상 후 외반슬은 자연 교정되는 경우가 많으므로 성급한 수술적 교정은 피하는 것이 좋다.",구루병으로 인한 각변형을 예방하기 위해서는 고른 영양분 섭취가 필요하다.,"종양, 외상, 골이형성증, 골대사성 질환, 구루병","진료과정형외과관련 신체기관무릎관련 질병종양, 
                                        외상, 
                                        골이형성증, 
                                        골대사성 질환,구루병"
