병명,정의,원인,증상,진단/검사,치료,경과/합병증,식이요법/생활가이드,진료과
노안,"먼 곳을 보다가 가까운 사물을 보려면 눈의 굴절력이 변해야 한다. 그러나 각막과 안구 전후의 길이는 변화할 수 없으므로 수정체의 굴절력을 증가시킴으로써 가까운 사물을 보게 되는데 이러한 과정을 조절이라고 한다. 나이가 들면서 수정체가 딱딱해지고 탄력이 떨어지게 되면 이로 인해 조절력이 감소되어 근거리 작업이 장애를 받게 되는데 이를 노안이라고 한다.조절력은 본래 지니고 있는 굴절이상의 정도와 관계없이 모든 사람에서 감소되지만 개인마다 발생 또는 진행에 차이가 있을 수 있다. 보통 정시(조절하지 않는 상태에서 눈에 들어오는 평행광선이 망막에 초점을 맺는 상태)는 40대부터 근거리 시력이 떨어지며, 근시(조절하지 않는 상태에서 눈에 들어오는 평행광선이 망막 앞쪽에 초점을 맺는 상태)는 원거리 교정 안경을 벗거나 도수를 낮춤으로써 노안을 보상할 수 있어서 노안을 다소 늦게 인지할 수 있다. 원시(조절하지 않는 상태에서 눈에 들어오는 평행광선이 망막의 뒤쪽에 초점을 맺는 상태)는 조절력 감퇴로 인한 노안 현상을 더 빨리 느끼게 된다. 원시는 원래부터 가지고 있는 굴절이상이며, 노안은 조절력의 저하를 이르는 말이므로 나이가 들어서 원시가 생긴다고 하는 것은 잘못된 표현이다. 


정상과 노안","노안은 노화 현상의 일종이다. 나이가 들어갈수록 안구의 조절력은 감소하게 되는데 이는 모양체(수정체의 양끝에서 수정체의 굴절력을 조절하는 근육)나 수정체의 탄력성 저하와 수정체의 비대에 의해 발생한다. 나이가 젊을 때에는 모양체나 수정체가 탄력이 뛰어나 아주 가까운 거리에 있는 물체를 볼 때 모양체가 수축하고 수정체가 두꺼워져 굴절력이 증가되어 또렷이 볼 수가 있지만, 나이가 증가함에 따라 수정체가 탄력성이 떨어지고 비대해져 가까운 것을 볼 때 수정체의 굴절력이 증가하지 않기 때문에 가까운 곳에 있는 상이 흐리게 보이게 된다. 


연령에 따른 수정체 조절력의 변화","40대 초중반에 증상을 느끼는 경우가 많다. 근거리에서의 시력장애와 더불어 시야가 흐려지는 등이 증세가 나타난다. 먼 것과 가까운 것을 교대로 볼 때 초점의 전환이 늦어지고, 책을 읽을 때 눈이 피로하고 두통이 있을 수 있다. 조명이 어둡거나 작은 글자를 볼 때 증상이 심해지고, 보려는 대상이 멀어질수록 눈이 편하고 잘 보이게 된다.","문진을 통해 환자의 자각 증상을 확인하고 시력 측정을 시행한다. 원거리 굴절 이상을 교정한 뒤 원거리와 근거리 시력의 차이(근거리 시력 저하)를 보이고, 이 때 볼록렌즈를 추가할 경우 근거리 시력의 호전이 있는 경우 진단한다.","가장 기본적인 치료는 안경 착용이다. 굴절 검사를 하여 원거리 시력을 교정한 렌즈에, 각 개인의 근거리 작업 성향, 연령, 팔 길이를 고려하여 선명하고 안락한 근거리 시력을 얻을 수 있는 최소한의 볼록렌즈를 처방받아 착용한다. 원거리 교정안경이 필요 없는 환자는 근거리용 돋보기 안경을 따로 맞추면 되고, 원거리 교정용 안경이 필요한 환자는 원거리와 근거리용 안경을 각각 따로 맞추거나, 이중초점렌즈 또는 다초점렌즈 안경을 맞추면 된다. 노안 교정용 콘택트렌즈를 착용할 수도 있다. 백내장 수술을 하게 되는 경우 양안의 도수를 다르게하여 주시안은 원거리, 비주시안은 근거리에 초점을 맞출 수 있으며, 다초점 인공수정체를 삽입하는 방법 등 여러가지 노안을 교정하는 방법이 소개되고 있다. 노안 교정 엑시머 레이져 수술을 할 수도 있다. 그러나 아직 어떤 방법도 완벽한 치료법이라고 할 수 없기 때문에 수술적 치료를 받는 경우 안과 의사와 충분한 상담을 시행 후 치료 받도록 한다.  


볼록렌즈로 노안 교정



다초점 인공수정체



주파 각막 성형술",노안은 40대 초중반부터 시작되어 나이가 들수록 조절력이 감소하게 된다. 처음에는 노안을 교정하기 위한 볼록렌즈의 도수가 높지 않으나 점점 노안을 교정하기 위한 볼록렌즈의 도수가 높아지게 된다.,"컴퓨터 작업을 많이 하는 경우, 독서 등을 할 때 쓰는 근거리용 안경이 잘 맞지 않을 수 있다. 이때는 컴퓨터 작업용 근거리 안경을 따로 맞추는 것이 좋다.",진료과안과관련 신체기관눈
