병명,정의,진료과
뇌혈관수술,"뇌혈관 수술은 뇌혈관에 발생한 질환을 수술적으로 치료하는 수술법을 통칭한다. 뇌혈관 수술은 전체적으로 미세한 구조라는 점, 개체간 변이가 다양하다는 점, 그리고 작은 혈관이라도 손상되는 경우 심각한 합병증을 유발할 수 있다는 점을 고려하여 시행된다. 뇌혈관 수술은 질환 별로 구분할 경우 폐쇄성뇌혈관질환에 대한 수술, 뇌출혈에 대한 수술, 뇌동맥류에 대한 수술, 뇌혈관 기형에 대한 수술로 구분할 수 있다. 이 글은 질환군 별로 간략한 소개를 하였으므로, 보다 자세한 사항은 각각의 질환 또는 수술명으로 검색해 보는 것을 권장한다. 폐쇄성뇌혈관질환은 전체 뇌졸중에서 80-90%를 차지하는 광범위한 질환군이며, 대부분 약물요법을 치료의 근간으로 한다. 하지만 약물치료 만으로 한계가 있는 경우 수술적 처치가 필요할 수 있는데, 주요 대상 질환은 급성뇌경색의 일부, 중증의 경동맥(목동맥)또는 뇌혈관의 동맥경화성 협착증 또는 폐쇄증, 모야모야병이 있다. 주요 시행되는 개방적 수술은 경동맥 내막 절제술(Carotid endarterectomy), 혈관문합술(Extracranial-intracranial bypass surgery) 등이 있으며, 정상 조직으로의 원할한 혈류 유지와 뇌허혈의 예방을 목적으로 시행된다. 그림1. 수술 전 중증의 경동맥 폐쇄(좌), 경동맥 내막절제술 시행후(우) 목혈관 CT 소견그림2. 우측 총경동맥에서 시행한 혈관조영술상 내경동맥의 완전폐쇄로 인하여 뇌동맥이 전혀 관찰되고 있지 않다. (좌) 두피의 동맥을 이용하여 혈관문합술을 시행 (삽입) 후 뇌혈류가 관찰된다 (우)그림3. 동일한 환자에서 SPECT 소견. 수술 전(좌)에 비하여 수술 후(우) 관류의 호전이 확연하게 나타난다. 자발성 뇌내출혈 (Spontaneous intracerebral hemorrhage)은 주로 고혈압에 의해 발생하며, 우리나라에서는 과거에 비하여 감소 추세이지만 여전히 높은 유병율을 보이고 있다. 뇌내출혈은 미세한 천공동맥이 파열되면서 발생하는 경우가 가장 흔한데, 이러한 미세동맥은 뇌조직 내에 깊숙한 곳에 위치하기 때문에 뇌조직을 직접적으로 손상시켜, 파열되는 위치와 양에 따라 사망에서 무증상까지 다양한 결과를 초래한다. 직접 손상된 뇌조직의 회복은 매우 제한적이어서 증상이 있는 경우 영구적인 후유증을 남는 경우가 많다. 뇌내출혈에 대한 수술의 목표는 혈종으로 인한 압박으로 인한 2차적 뇌손상을 예방하는 데 있다. 그림4. 좌측 기저핵에 발생한 뇌내출혈 (좌)와 개두술을 통한 혈종제거 후의 CT(우)뇌동맥류는 치명적인 뇌거미막하출혈 (지주막하출혈, Subarachnoid hemorrhage)의 주요 원인이 되며, 파열되는 경우 약 20%에서 수술적 치료를 받지 못하고 사망을 하고 생존하더라도 영구적인 뇌손상이 남는 경우가 많다. 동맥류 수술의 목표는 동맥류를 소멸(Obliteration)시킴과 동시에 정상 혈류를 보존하는 것이다. 그림5. 뇌동맥류 결찰 수술 현미경시야에서 노출된 중대뇌동맥의 뇌동맥류와 클립을 이용한 결찰술뇌혈관 기형은 임상 및 병리학적으로 뇌동정맥기형 (Arteriovenous malformation, AVM), 해면상혈관종 (Cavernous malformation 또는 cavernous hemangioma), 정맥기형 (Venous angioma, developmental venous anomaly), 모세혈관확장증 (Telangiectasia)로 분류된다. 이 중 임상적으로 문제가 될 수 있어 적극적인 치료대상이 되는 질환은 뇌동정맥기형과 해면상 혈관종이다. 뇌동정맥기형은 우연히 발견되는 경우를 제외하면 출혈과 간질이 가장 흔한 증상이며, 연 2-4%의 출혈률을 보이고 한번 출혈된 경우 첫해에 재출혈될 가능성은 6-18%에 이른다. 뇌동정맥의 치료법은 보존적 치료, 미세혈관수술 (수술적 혈관기형 제거술), 색전술, 방사선수술이 있으며, 이 중 완치를 목적으로 하는 방법은 미세혈관수술과 방사선수술이다. 미세혈관수술은 치료효과가 즉각적이라는 장점이 있고 방사선 수술은 침습성이 적고 깊은 부위에 위치한 곳을 치료할 때 유리하다. 해면상 혈관종은 간질 및 출혈, 국소 신경학적 결손을 유발할 수 있으며, 우연히 발견되는 경우 경과관찰을 시행하기도 하지만 치료가 필요한 경우 수술적 제거가 유일하게 효과가 검증된 치료법이다. 그림6. 파열된 뇌동정맥기형. 뇌내출혈이 좌측 전두엽에서 관찰됨(좌) 뇌혈관 조영술에서 확인된 뇌동정맥기형(중), 수술적으로 완전절제 후(우)그림7. 간질 증상으로 내원한 환자 MR 소견(좌), 수술적으로 제거한 직후 CT(우), 제거된 해면상 혈관종(삽입)


그림1



그림2



그림3



그림4","진료과신경외과관련 신체기관뇌, 
                                        뇌혈관"
