병명,정의,준비사항,시술방법,소요시간,주의사항,경과/합병증,생활가이드,진료과
손가락골절수술,"보존적 치료로 최적의 결과를 얻을 수 없다고 판단될 때 적극적인 수술적 치료를 고려하게 되며, 수부의 기능을 보존하고 합병증을 최소화하는 것이 목표이다. 수술 술기와 금속 고정물의 발달, 수부 기능에 대한 환자의 요구 증가, 영상장치 및 마취방법의 발달, 재활 치료의 발달 등으로 수부 골절의 수술적 치료의 빈도가 증가하고 있다. 하지만 적절하지 못한 치료를 하게 되면 관절 강직 및 변형을 유발할 수 있어 치료의 결정이 중요하다. 골절의 안정성, 관절면의 침범 여부, 다발성 골절 및 연부조직 손상 등의 동반손상, 회전 변형 및 각 변형 등에 대한 평가가 일차적으로 필요하며, 환자의 나이, 직업, 사회 경제적 상태, 과거 병력, 의사의 수술 기술, 환자의 순응도 등을 종합적으로 판단하여 수술을 결정하여야 한다.","수술 전 단순 X-ray 및 CT 검사가 필요하고, 국소마취 수술이 아니면 전신마취를 위한 여러 검사들이 필요할 수 있다. 수술장에서 쓰일 이동형 X선 투시 촬영장치가 필요하다. 손톱에 매니큐어 등이 있다면 제거해야 하며, 손 부위에 전체적인 제모가 필요하다.","1. 마취골절의 부위와 상태에 따라 지간 신경 마취(Digital nerve block), 상완 신경총 마취(Brachial plexus block), 전신 마취(General anesthesia)를 선택하여 이용할 수 있으며, 지혈대 없이 수술하는 국소 마취 수술법(Wide Awake Local Anesthesia No Tourniquet; WALANT)도 사용되고 있다.2. 수술방법수술적 고정에는 K-강선, 작은 나사와 소형 금속판이 흔히 사용되며, 개방 상처를 동반하거나 연부조직 상태가 좋지 않은 경우 외고정 장치를 사용하기도 한다.1) K-강선가장 흔히 사용되는 고정 방법이지만 골수염, 강선 이완/이동, 정복 소실, 불유합 등의 합병증이 동반될 수 있다. 고정력이 세지 않기 때문에 환자가 잘 협조되지 않는 경우 정복이 소실될 수 있다. 4-6주 간의 K-강선 유지를 하게 되며, 골유합을 추시관찰하며 적절한 시기에 제거한다. 2) 작은 나사와 소형 금속판을 이용하면 견고한 고정을 얻을 수 있다. 하지만 수지 강직, 불유합, 금속판 돌출, 감염, 건 파열 및 유착 등이 발생할 수 있다. 3) 외고정 장치골절부 상하에 핀을 삽입한 후 외부에서 석고 붕대 고정이나 금속 기기를 이용하여 골절을 정복하고 고정한다. 흔히 사용되지는 않으며, 관절면의 분쇄골절이 심하여 정복이 어렵거나, 연부조직 손상이 심한 경우 고려해볼 수 있는 수술방법이다. 골의 길이를 유지하고 관절의 조기 운동을 허용하기 위한 방법으로 유용하게 사용될 수 있다. 


k-강선



작은 나사와 소형 금속판을 이용한 고정



외고정 장치","골절의 양상 및 위치에 따라 다르며 차이가 날 수 있다. 간단한 골절인 경우 30분 이내에도 가능하겠지만, 더 오래 걸리는 경우가 많다. 대게 지혈대 시간 이내(1-2시간)로 시행된다.","수술 후 의사의 지시에 잘 따라서 재활에 임해야 하며, 흡연은 골절의 회복을 더디게 하며 감염에 취약해질 수 있음을 유의하여야 한다. 수술 후 상처 부위에는 2주간 물에 닿으면 안되며, 외부로 노출된 핀은 항상 소독에 유의하여 감염이 되지 않도록 한다.","골 유합이 이루어지는데 걸리는 기간은 약 2-3개월 정도이지만, 수술 후 가능한 한 빨리 적극적인 관절운동이 필요하다. 경피적 핀고정술 및 외고정술을 한 경우, 골절의 양상 및 술 후 골 유지 여부 등을 종합적으로 판단하여 핀을 뽑게되는데, 약 4-6주 정도의 시간이 필요하다. 금속판 고정술을 한 경우에는 금속물의 직접적 자극증상 및 감염 소견, 관절 운동에 방해가 되는 부분이 없다면 반드시 제거할 필요는 없다. 부정유합, 불유합, 강직, 관절의 이완, 관절염, 감염, 통증 등의 합병증이 발생할 수 있다.1) 부정유합 수부 골절에서 가장 흔히 발생하는 합병증 중 하나이다. 단축, 각 및 회전 변형을 포함하며, 손 기능의 감소 및 미용적 불만을 호소할 수 있다. 변형의 허용 범위가 손가락마다 다르기 때문에, 이에 맞는 적절한 교정을 고려해볼 수 있다. 교정 시기의 결정은 쉽지 않다. 부정정렬이 발견된다 하더라도 골유합이 될 때까지 치료를 연기하고 기다리는 경우가 흔하며, 그러는 과정에서 인접 수지 및 관절의 강직이 유발될 수 있다. 조기에 부정정렬을 발견하면 재교정을 시도해볼 수 있으나, 발견이 늦어지면 교정절골술이 필요할 수 있다. 2) 불유합 수부에서는 불유합이 매우 드물며, 연부조직 손상이 동반되거나 감염, 골 결손, 부적절한 고정 등이 원인이 될 수 있다.3) 강직 비교적 흔하며 치료가 쉽지 않은 합병증으로, 건 유착 및 관절낭 구축과 관련이 있다. 4주 이상 고정, 다발성 수지 손상, 한 수지에 두 개 이상의 골절, 압궤 손상, 관절면 분쇄 골절, 개방성 골절 또는 연부 조직 손상이 있는 경우 빈도가 증가한다. 강직의 치료는 적극적인 재활과 함께 테이핑을 이용한 압박을 하여 수지의 부종을 조절하여야 한다. 3개월 이상의 적극적인 물리 치료에도 호전이 없다면 건 박리술을 고려한다. 충분한 건 박리술 후에도 관절의 수동 운동에 제한이 있다면 관절 유리술이 필요할 수 있다.","수술이 끝난 후 가능한 빠른 시기에 운동을 시작하는 것이 관절의 구축 예방 및 부종 감소에 도움이 된다. 골절의 안정성과 적절한 통증 관리를 기반으로 조기 관절 운동을 시행하여야 하기 때문에, 골절의 양상에 따라 재활 시기와 방법은 차이가 날 수 있다. 시기에 맞는 능동적, 수동적 관절 운동으로 재활치료를 하여야 하며, 의사의 지시에 잘 따르는 것이 중요하다.","진료과정형외과,성형외과관련 신체기관손가락"
