병명,정의,준비사항,시술방법,소요시간,주의사항,경과/합병증,부작용/후유증,치료질병,생활가이드,관련치료법,진료과
피부이식,"1차 봉합으로 닫을 수 없는 크기의 피부 및 연조직 결손이 있을 때 다른 부위에서 피부 이식편(이식할 피부조각)을 떼어내어 결손 부위에 봉합하여 이식하는 수술을 말하며, 피부 이식편을 떼어낼 때 피부의 두께에 따라 부분층 피부 이식과 전층 피부 이식으로 나눌 수 있다.","이식 범위에 맞게 자주 이용되는 피부 제공 부위(부분층 피부 이식인 경우는 허벅지나 복부, 전층 피부 이식인 경우에는 사타구니 부위)를 수술 전날에 제모 한다.","부분층 피부 이식은 전층 피부 이식에 비하여 이식할 피부 조각이 얇기 때문에 성공 가능성이 높은 반면, 이식한 후 수축이 많이 일어나고 색의 변화가 더 많이 나타난다는 단점도 있다. 그러나 전층 피부 이식의 경우 이식할 피부를 떼어낼 수 있는 신체 부위가 제한적이기 때문에 결손 부위가 크거나 결손 부위의 혈액순환이 좋지 않은 경우에는 보통 부분층 피부 이식을 우선적으로 선택하게 되고, 그 외의 경우에 전층 피부 이식을 선택한다. 부분층 피부 이식과 전층 피부 이식의 시술 방법이 다음과 같이 각각 다르다.1) 부분층 피부 이식① 피부 결손 부위의 크기를 측정한다.② 피부 제공 부위를 결정한다. 보통 눈에 잘 띄지 않는 엉덩이나 허벅지를 가장 많이 사용한다. 피부 결손 부위의 위치에 따라 최대한 비슷한 색을 가지는 부위를 선택하게 되는데, 얼굴 부위는 쇄골 주변이나 두피에서 채취하고 그 외에 사지나 몸통은 엉덩이, 허벅지, 배 등에서 채취한다.③ 피부 이식편을 채취한다. 보통 전기를 이용한 더마톰(dermatome)이라는 기구로 채취한다. 기계 아래 부분에 칼날을 장착하고 기계 옆에서 두께를 조절한 후 전기를 이용한 진동으로 피부 이식편을 밀어내며 채취하게 된다.④ 피부 이식편이 움직이지 않고 결손 부위 바닥에 잘 붙어 살아날 수 있도록 거즈를 실로 묶어 고정하는 드레싱(tie-over dressing)을 시행한다.⑤ 결손 부위가 커서 피부 이식편의 크기와 잘 맞지 않는다면(피부 이식편이 부족한 경우에는) 피부 이식편을 메시 더마톰(mesh dermatome)이라는 기구를 사용하여 그물처럼 만들어 늘려서 이식하기도 한다.2) 전층 피부 이식① 결손 부위의 크기를 측정한다.② 피부 제공 부위를 결정한다. 보통 얼굴 부위의 결손에는 피부색이 비슷한 귓바퀴 뒷면이나 쇄골 윗부분의 피부를 사용하게 된다. 그 밖에 사타구니 주름, 손목 주름, 팔꿈치 주름, 엉덩이 주름 등에서 채취하며 결손 부위의 피부색이나 특성에 따라 공여부(이식할 피부조각을 떼어낼 곳)를 결정하게 된다.③ 피부 이식편을 채취한다. 결손 부위의 크기에 맞추어 떼어낼 피부의 범위를 공여부에 그린다. 보통 주름 방향에 맞추어 타원형으로 디자인한다. 칼과 가위를 이용하여 디자인한 그림대로 피부 이식편을 표피와 진피 모두를 포함하여 떼어낸다. 떼어낸 이식편의 바닥에 일부분 붙어 있는 지방을 가위로 제거하여 피부 이식편이 결손 부위 바닥과 잘 접촉하여 살아날 수 있도록 한다.④ 결손 부위에 피부 이식편을 옮겨 가장자리와 바닥을 결손 부위에 실로 봉합하여 덮어 준다.⑤ 피부 이식편이 움직이지 않고 결손 부위 바닥에 잘 붙어 살아날 수 있도록 거즈를 실로 묶어 고정하는 드레싱(tie-over dressing)을 시행한다.⑥ 피부 이식편을 떼어낸 부위는 보통 그대로 당겨 일차 봉합술로 닫아준다. 그러나 제공 부위가 넓은 경우에는 피부 이식편을 떼어낸 부위에 다시 부분층 피부 이식을 시행하여 덮어 주기도 한다. 


피부 이식술의 제공 부위



전기 더마톰



피부 이식 시술",시술하는 데 걸리는 시간은 결손 부위의 크기에 따라 다르다.,"움직임이 있는 수술 부위, 특히 팔, 다리에는 피부 이식편이 움직이지 않고 결손 부위 바닥에 잘 붙을 수 있도록 부목으로 고정한다.","수술 부위를 처음으로 열어 보는 것은 보통 수술 후 5~7일째이다. 그러나 수술 부위에 감염이 있거나 삼출물(진물이나 고름)이 많은 경우에는 1~3일째 열어보아 이식편의 상태를 확인한다. 수술 부위를 열어 피부 이식편이 밀리지 않았는지, 염증 소견은 없는지, 피부 이식편 아래로 혈액이나 고름 등이 고여 있는지 확인한다. 혈액이나 고름 등이 고여 있는 경우에는 피부 이식편에 칼집을 내거나 면봉을 이용하여 가장자리 쪽으로 부드럽게 밀어내어 제거한다. 그 후 상태에 따라 2~3일에 한 번씩 수술 부위를 살피고 소독을 시행한다. 보통 피부 이식편은 2~3주 안에 실밥을 제거하고 치료를 완료한다.부분층 피부 이식편을 떼어 낸 제공 부위는 수술 후 2~3일까지는 삼출물이 많이 나오며 소독 시 통증이 있을 수 있다. 그러나 삼출물이 줄어들고 피부의 표피가 생성되면 제공 부위가 점차 마르면서 소독 시 통증은 점차 감소한다. 부분층 피부 이식편의 제공 부위는 보통 2주 안에 완전히 치유된다. 전층 피부 이식편을 떼어 내고 일차 봉합술을 시행한 제공 부위는 보통 2주 안에 실밥을 뽑게 된다. 피부 이식을 시행한 부위에 따라 피부 이식편이 잘 자리잡을 수 있게 하고 구축을 예방하기 위해 부목을 계속 유지할 수 있는데, 목 부위는 6개월간, 무릎 뒤쪽이나 팔꿈치 안쪽, 손가락 안쪽 등은 2~3개월간 부목을 착용할 수 있다.","1) 흉터피부 이식 후 가장 눈에 띄는 것은 이식한 부위와 주변의 정상 피부와 색깔의 차이가 나는 것이다. 따라서 수술을 계획할 때 비슷한 색깔의 피부를 제공 부위로 사용해야 한다. 그리고 이식한 피부 부위(이식편)에 시간이 지남에 따라 색소 침착이 나타나게 되는데 이것은 부분층 피부 이식이 전층 피부 이식보다 더 심하다. 색소 침착을 조금이나마 방지하기 위해서는 최소한 수술 후 6개월간 햇빛을 차단하는 것이 중요하다. 부분층 피부 이식편의 제공 부위(이식할 피부를 떼어낸 부위)에도 색소 침착이 일어나게 되며 마찬가지로 햇빛을 차단하는 것이 중요하다. 전층 피부 이식편의 제공 부위는 봉합을 하였기 때문에 보통 선과 같은 흉터가 남게 된다.드물게 이식 부위나 제공 부위가 불거져 튀어나오는 비후성 반흔이 발생할 수 있다. 이러한 비후성 반흔을 예방하기 위해 흉터 연고를 바르거나 실리콘 시트를 붙일 수 있으나 그 효과는 사람마다 다르다.2) 수축(구축)피부 이식 후 이식한 피부에 수축이 나타나게 되는데, 부분층 피부 이식이 전층 피부 이식보다 더 심하게 나타난다. 목이나 관절 부위에 이식편의 수축이 일어나는 경우에는 구축(이식된 피부의 수축으로 인해 수술 부위의 움직임이 제한된 상태)이 생기면서 운동이나 미용 상의 장애를 초래할 수 있다. 따라서 수술 후에도 몇 개월간 부목을 유지하기도 한다. 그리고 소아에서는 이식한 피부의 수축이 심하게 나타나는 경우 성장의 장애를 초래할 수 있기 때문에 소아에서는 수축 부작용이 상대적으로 적은 전층 피부 이식을 권장한다.3) 전층 피부 이식편에는 진피층에 있는 모낭이 같이 이식되기 때문에 이식한 후에 이식한 피부(이식편)에 털이 자랄 수 있다. 부분층 피부 이식편에는 모낭이 포함되어 있지 않기 때문에 이식 후 털이 자라지 않는다.4) 피부 이식 후 이식편에는 있는 피지샘이나 땀샘의 기능이 떨어진다. 따라서 수술 후 수개월 동안 이식한 피부가 건조해진다. 전층 피부 이식편에서 부분층 피부 이식편에 비해 피지샘이나 땀샘이 더 많이 보존되기 때문에 이식편이 덜 건조하다. 피지샘과 땀샘의 기능은 수개월 후에 어느 정도 회복된다.5) 피부의 감각이 저하되는데, 이식 후 1~2개월 정도 지나면 감각이 회복되기 시작하여 1~2년까지 회복이 일어난다. 부분층 피부 이식에 비해 전층 피부 이식에서 감각의 회복 속도는 느리지만 더 많은 감각이 회복된다. 감각은 통증을 느끼는 감각이 가장 먼저 회복되고 촉감, 열감, 냉감의 순서로 회복된다. 감각이 회복되면서 땀샘의 기능도 같이 회복된다. 그러나 피지샘의 회복은 감각의 회복과 무관하다.","외상 후, 피부종양 및 큰 점 제거 후, 화상 흉터 및 구축 제거 후에 생기는 피부 및 연조직 결손.피부 및 연조직의 결손이 생길 수 있는 모든 질병이 해당된다. 예를 들어 외상 후, 피부종양 및 큰 점 제거 후, 화상 흉터 및 구축 제거 후에 생기는 피부 및 연조직 결손 등이 대표적으로 피부 이식이 필요한 경우이다. 그렇다고 모든 부위에 가능한 것은 아니고, 혈관 분포가 좋은 부위(육아조직, 근막, 근육, 뼈막 및 연골막)에 시행할 수 있다. 만약 뼈나 연골, 힘줄 등이 노출된 부위나 감염 상태가 심한 부위에 피부 이식을 한다면 새로운 피부가 자리 잡지 못하고 죽게 된다.",이식 부위와 이식편 제공 부위의 색소 침착을 예방하기 위해 최소한 수술 후 6개월 동안 햇빛을 차단하는 것이 중요하다. 수술 부위의 비후성 반흔을 예방하기 위해서 흉터 연고나 실리콘 시트를 사용할 수 있다. 이식 부위와 부분층 피부 이식편의 제공 부위는 수술 후 몇 개월간 건조해지고 갈라져 상처가 생기기 쉽기 때문에 외상을 입지 않도록 조심하고 로션이나 크림을 발라 촉촉하고 부드럽게 유지해 주는 것이 좋다.,"피부 피판술(국소 피판술, 유리 피판술).피부 및 연조직 결손 시 피부 이식 외에 피부 피판을 이용할 수 있다. 피부 피판은 피부 이식편과 달리 그 자체로 혈액공급을 받는 조직이다. 피부피판은 피부뿐만이 아니라 근육이나 뼈도 포함할 수 있다. 결손 부위의 옆에서 피부 피판을 만들어 결손 부위로 돌려서 덮어주는 것을 국소 피판이라고 하고, 결손 부위와 떨어진 곳에서 혈관을 포함한 피판을 완전히 떼어 와서 결손 부위에 옮겨 놓고 결손 부위의 혈관과 연결해 주는 것을 유리 피판이라고 한다. 이러한 피부 피판은 뼈나 연골 등이 노출될 만큼 깊은 결손이거나, 결손 부위 바닥의 혈관분포가 좋지 않은 경우에 주로 선택할 수 있다. 감각의 회복이 중요한 부위, 특히 발바닥이나 손은 감각신경을 포함한 피판으로 재건할 수 있다. 국소 피판의 경우 결손 부위의 바로 옆에서 피판을 제공받기 때문에 피부색의 차이가 거의 없는 장점을 가진다. 피판 자체가 혈액공급을 가지고 있기 때문에 혈액 분포가 나쁜 결손 부위를 안전하게 덮을 수 있다. 그러나 피판의 단점은 수술이 어렵고, 입원기간이 길며, 피판 제공부에 조직의 결손이 발생한다. 그리고 피판이 실패하게 되면 피판 괴사 등이 일어나며 피부 이식의 실패보다 후유증이 더 심하다.",진료과성형외과관련 신체기관피부
