병명,정의,준비사항,시술방법,소요시간,주의사항,경과/합병증,부작용/후유증,치료질병,생활가이드,진료과
흉관삽입술,"가슴에 관을 삽입하여 공기나 고인 체액, 혈액 등을 배액시켜주는 시술이다. 기흉 치료나 폐 절제 수술 후, 심장 수술 후, 폐가 손상된 외상 환자에게 시행된다. 흉곽 안에 공기나 체액, 혈액 등이 축적되면 몸 안 장기를 압박할 수 있으므로 이를 개선하거나 예방하기 위해 흉관을 삽입한다. 또한 외상 환자에서 고인 혈액이 많지 않더라도 시간이 지난 후 지연되어 발생하는 출혈 증상을 관찰하기 위해 삽입하는 경우도 있다. 다양한 임상적 상황에서 흉관 삽입이 필요하며, 복부나 피부 등에 삽입하는 배액관과 달리, 공기가 역류하여 흉강 내로 들어가지 않도록 장치한 배액통과 연결하여 사용한다.","응급 상황에서 시행하는 경우가 많다. 흉부 X선 촬영은 필수적이며, 흉관 삽입 위치 확인을 위해 컴퓨터 단층촬영(CT)이 필요할 수 있다. 금식은 필요하지 않다.","국소 마취에서 시행하며, 진통제를 투여한 후 흉관을 삽입하고자 하는 갈비뼈 사이에 1cm 크기의 절개를 한 뒤 수술용 기구를 이용해 흉막에 구멍을 뚫는다. 갈비뼈 밑으로는 혈관과 신경이 지나가기 때문에 갈비뼈 위로 구멍을 뚫는다. 이후 흉관을 삽입하고 피부에 고정한 후 배액통을 연결하면 시술이 끝난다. 미니 흉관이나 경피 흉관 등도 같은 방법으로 시행한다. 


흉관 삽입



미니 흉관 삽입



경피 흉관(PCD) 삽입",10~20분이 소요된다.,시술 후 관이 꼬이거나 막히거나 빠지지 않게 조심해서 활동해야 한다. 관 삽입 후 흡인 장치를 연결할 수도 있다. 시술 후 가래 배출을 열심히 하고 폐 운동을 하는 것이 폐렴 예방에 도움이 된다.,공기가 흉관을 통해 계속 나오거나 배액량이 줄지 않아 흉관 제거를 하지 못할 시에는 이동 배액관을 연결하고 퇴원하기도 하지만 이런 경우는 아주 드물다. 대부분 흉관을 제거하고 퇴원할 수 있다.,"흉관을 삽입할 경우 흉곽 내로 들어가지 않고, 배(복강 내)로 들어가 간이나 비장들을 손상시켜 출혈을 일으키기도 한다. 드물게 폐를 손상시켜 기흉 또는 출혈이 더 심해질 수도 있다. 심장을 손상시킬 수도 있다.","기흉, 혈흉, 외상성 폐 및 심장 손상, 식도 손상, 폐 수술이나 심장 수술 후, 결핵 등에 의한 농흉, 폐렴에 의한 흉수, 악성 종양에 의해 발생한 흉수",흉관 제거 후 특별히 조심하여야 할 사항은 없습니다.다만 흉관 제거 후 흉강 안에 남아 있던 흉수 등이 제거 부위로 밀려 나오는 경우가 있습니다.이럴 때에는 놀라지 마시고 의료진을 찾아 주시면 해결이 가능합니다.항상 위생적인 흉관 부위 관리가 필요합니다.,"진료과흉부외과관련 신체기관가슴, 
                                        폐"
